Date,Price,Open,High,Low,,
9/11/24,1.1048,1.1021,1.1052,1.1016,,
9/10/24,1.1019,1.1035,1.105,1.1015,,
9/9/24,1.1034,1.1082,1.1092,1.1034,,
9/6/24,1.1083,1.111,1.1156,1.1065,,
9/5/24,1.111,1.1082,1.112,1.1075,,
9/4/24,1.1082,1.1043,1.1094,1.1038,,
9/3/24,1.1043,1.1069,1.1073,1.1026,,
9/2/24,1.1071,1.1047,1.1078,1.1042,,
8/30/24,1.1047,1.1077,1.1095,1.1044,,
8/29/24,1.1077,1.1119,1.1141,1.1055,,
8/28/24,1.112,1.1184,1.1186,1.1105,,
8/27/24,1.1184,1.1161,1.1191,1.115,,
8/26/24,1.1161,1.1188,1.1202,1.115,,
8/23/24,1.119,1.1113,1.12,1.1105,,
8/22/24,1.1112,1.115,1.1165,1.1097,,
8/21/24,1.115,1.1128,1.1173,1.1099,,
8/20/24,1.113,1.1085,1.113,1.1071,,
8/19/24,1.1085,1.1024,1.1086,1.1022,,
8/16/24,1.1028,1.0972,1.103,1.097,,
8/15/24,1.0971,1.1012,1.1016,1.0949,,
8/14/24,1.1012,1.0992,1.1048,1.0984,,
8/13/24,1.0992,1.0932,1.0999,1.0913,,
8/12/24,1.0931,1.0915,1.094,1.0911,,
8/9/24,1.0916,1.0919,1.0932,1.0909,,
8/8/24,1.0918,1.0922,1.0946,1.0882,,
8/7/24,1.0921,1.0928,1.0936,1.0905,,
8/6/24,1.093,1.0953,1.0964,1.0903,,
8/5/24,1.0952,1.0922,1.1008,1.0892,,
8/2/24,1.0908,1.0789,1.0927,1.0782,,
8/1/24,1.0791,1.0826,1.0836,1.0776,,
7/31/24,1.0825,1.0816,1.085,1.0802,,
7/30/24,1.0815,1.0821,1.0837,1.0797,,
7/29/24,1.0819,1.0864,1.087,1.0803,,
7/26/24,1.0857,1.0847,1.0869,1.0841,,
7/25/24,1.0844,1.084,1.087,1.0827,,
7/24/24,1.0839,1.0854,1.0868,1.0826,,
7/23/24,1.0851,1.0892,1.0898,1.0843,,
7/22/24,1.0889,1.0881,1.0904,1.0872,,
7/19/24,1.0877,1.0901,1.0903,1.0876,,
7/18/24,1.0896,1.0938,1.0941,1.0893,,
7/17/24,1.0937,1.0899,1.0948,1.0895,,
7/16/24,1.0897,1.0895,1.0906,1.0871,,
7/15/24,1.0894,1.0887,1.0923,1.0883,,
7/12/24,1.0906,1.0866,1.0912,1.0861,,
7/11/24,1.0865,1.0831,1.0901,1.0826,,
7/10/24,1.083,1.0813,1.0832,1.0811,,
7/9/24,1.0812,1.0829,1.0834,1.0805,,
7/8/24,1.0822,1.0809,1.0846,1.0802,,
7/5/24,1.0836,1.0812,1.0843,1.0809,,
7/4/24,1.081,1.0786,1.0814,1.0783,,
7/3/24,1.0786,1.0743,1.0818,1.0735,,
7/2/24,1.0744,1.0741,1.0748,1.0709,,
7/1/24,1.0738,1.0728,1.0777,1.0719,,
6/28/24,1.0713,1.0703,1.0726,1.0684,,
6/27/24,1.0702,1.068,1.0727,1.0676,,
6/26/24,1.0679,1.0713,1.0718,1.0666,,
6/25/24,1.0713,1.0735,1.0745,1.069,,
6/24/24,1.0732,1.0688,1.0747,1.0683,,
6/21/24,1.0691,1.0702,1.0721,1.067,,
6/20/24,1.07,1.0745,1.0749,1.0702,,
6/19/24,1.0742,1.074,1.0754,1.0724,,
6/18/24,1.0738,1.0734,1.0762,1.0709,,
6/17/24,1.0734,1.0702,1.0739,1.0686,,
6/14/24,1.07,1.0737,1.0746,1.0668,,
6/13/24,1.0735,1.0809,1.0817,1.0733,,
6/12/24,1.0807,1.0742,1.0853,1.0734,,
6/11/24,1.0739,1.0765,1.0775,1.0719,,
6/10/24,1.0763,1.0797,1.0797,1.0732,,
6/7/24,1.08,1.089,1.0903,1.0799,,
6/6/24,1.0888,1.0869,1.0903,1.0862,,
6/5/24,1.0868,1.0879,1.0892,1.0854,,
6/4/24,1.0878,1.0904,1.0917,1.0859,,
6/3/24,1.0902,1.0851,1.0905,1.0826,,
5/31/24,1.0841,1.0832,1.0883,1.0811,,
5/30/24,1.0832,1.0802,1.0846,1.0788,,
5/29/24,1.08,1.0857,1.0861,1.0799,,
5/28/24,1.0855,1.086,1.089,1.0853,,
5/27/24,1.0858,1.0854,1.0868,1.0841,,
5/24/24,1.0845,1.0814,1.0859,1.0805,,
5/23/24,1.0813,1.0824,1.0862,1.0805,,
5/22/24,1.0821,1.0855,1.0864,1.0817,,
5/21/24,1.0854,1.0859,1.0876,1.0842,,
5/20/24,1.0855,1.0866,1.0885,1.0854,,
5/17/24,1.087,1.0866,1.0879,1.0835,,
5/16/24,1.0865,1.0885,1.0896,1.0854,,
5/15/24,1.0882,1.0819,1.0886,1.0812,,
5/14/24,1.0818,1.0788,1.0826,1.0767,,
5/13/24,1.0788,1.0774,1.0807,1.0766,,
5/10/24,1.0769,1.0782,1.079,1.076,,
5/9/24,1.0781,1.0751,1.0785,1.0724,,
5/8/24,1.0745,1.0754,1.0758,1.0734,,
5/7/24,1.0752,1.077,1.0788,1.0747,,
5/6/24,1.0768,1.0762,1.0791,1.0754,,
5/3/24,1.0758,1.0727,1.0813,1.0724,,
5/2/24,1.0725,1.0711,1.0731,1.0674,,
5/1/24,1.0709,1.0664,1.0733,1.0649,,
4/30/24,1.0665,1.0724,1.0736,1.0664,,
4/29/24,1.0719,1.0695,1.0734,1.069,,
4/26/24,1.0692,1.0732,1.0754,1.0674,,
4/25/24,1.0729,1.0699,1.074,1.0678,,
4/24/24,1.0697,1.0703,1.0715,1.0677,,
4/23/24,1.0699,1.0655,1.0712,1.0638,,
4/22/24,1.0654,1.0656,1.0671,1.0623,,
4/19/24,1.0654,1.0645,1.0678,1.061,,
4/18/24,1.0643,1.0672,1.069,1.0641,,
4/17/24,1.0671,1.0619,1.068,1.0605,,
4/16/24,1.0617,1.0624,1.0654,1.0601,,
4/15/24,1.0622,1.0637,1.0666,1.0619,,
4/12/24,1.0642,1.0726,1.0731,1.0622,,
4/11/24,1.0724,1.0743,1.0757,1.0698,,
4/10/24,1.0742,1.0857,1.0868,1.0728,,
4/9/24,1.0855,1.0859,1.0886,1.0847,,
4/8/24,1.0858,1.0843,1.0863,1.082,,
4/5/24,1.0835,1.0836,1.0848,1.0791,,
4/4/24,1.0835,1.0833,1.0877,1.0832,,
4/3/24,1.0835,1.0772,1.0838,1.0763,,
4/2/24,1.0768,1.0743,1.078,1.0724,,
4/1/24,1.0743,1.0788,1.0799,1.0731,,
3/29/24,1.0793,1.079,1.0806,1.0767,,
3/28/24,1.0787,1.0827,1.0828,1.0774,,
3/27/24,1.0826,1.0832,1.084,1.081,,
3/26/24,1.083,1.0838,1.0865,1.0824,,
3/25/24,1.0836,1.0808,1.0843,1.0802,,
3/22/24,1.0805,1.086,1.0869,1.0802,,
3/21/24,1.086,1.0921,1.0943,1.0855,,
3/20/24,1.0918,1.0864,1.0924,1.0836,,
3/19/24,1.0865,1.0873,1.0877,1.0834,,
3/18/24,1.0871,1.0893,1.0906,1.0865,,
3/15/24,1.0887,1.0883,1.09,1.0872,,
3/14/24,1.0881,1.095,1.0955,1.088,,
3/13/24,1.0946,1.0926,1.0964,1.092,,
3/12/24,1.0924,1.0925,1.0946,1.0899,,
3/11/24,1.0926,1.0944,1.0948,1.0914,,
3/8/24,1.0937,1.0948,1.0982,1.0919,,
3/7/24,1.0946,1.0897,1.095,1.0868,,
3/6/24,1.0897,1.0859,1.0916,1.0841,,
3/5/24,1.0855,1.0855,1.0877,1.084,,
3/4/24,1.0854,1.0842,1.0868,1.0838,,
3/1/24,1.0837,1.0804,1.0844,1.0797,,
2/29/24,1.0803,1.0836,1.0857,1.0795,,
2/28/24,1.0836,1.0844,1.0848,1.0796,,
2/27/24,1.0844,1.085,1.0867,1.0832,,
2/26/24,1.0847,1.0826,1.0861,1.0812,,
2/23/24,1.0818,1.0824,1.0841,1.0812,,
2/22/24,1.0823,1.0816,1.0889,1.0802,,
2/21/24,1.0817,1.0807,1.0825,1.079,,
2/20/24,1.0803,1.0779,1.084,1.0761,,
2/19/24,1.0777,1.0776,1.079,1.0761,,
2/16/24,1.0774,1.077,1.0788,1.0732,,
2/15/24,1.0771,1.0727,1.0785,1.0725,,
2/14/24,1.0725,1.071,1.0735,1.0695,,
2/13/24,1.0709,1.0772,1.0796,1.07,,
2/12/24,1.0771,1.0781,1.0806,1.0755,,
2/9/24,1.0782,1.0779,1.0796,1.0761,,
2/8/24,1.0776,1.0772,1.079,1.0741,,
2/7/24,1.0771,1.0755,1.0784,1.0753,,
2/6/24,1.0754,1.0743,1.0763,1.0723,,
2/5/24,1.0741,1.0784,1.0787,1.0723,,
2/2/24,1.0784,1.0873,1.0898,1.078,,
2/1/24,1.0872,1.0814,1.0876,1.0779,,
1/31/24,1.0816,1.0844,1.0889,1.0795,,
1/30/24,1.084,1.0833,1.0857,1.0811,,
1/29/24,1.0833,1.0849,1.085,1.0796,,
1/26/24,1.0852,1.0843,1.0885,1.0812,,
1/25/24,1.0846,1.0885,1.0903,1.0821,,
1/24/24,1.0883,1.0854,1.0933,1.0845,,
1/23/24,1.0851,1.0883,1.0917,1.0821,,
1/22/24,1.0881,1.0891,1.0911,1.0879,,
1/19/24,1.0897,1.0876,1.0898,1.0865,,
1/18/24,1.0874,1.0882,1.0907,1.0846,,
1/17/24,1.0881,1.0874,1.0885,1.0844,,
1/16/24,1.0874,1.095,1.0952,1.0862,,
1/15/24,1.0948,1.0955,1.0969,1.0933,,
1/12/24,1.0949,1.0974,1.0987,1.0935,,
1/11/24,1.097,1.0973,1.0991,1.0929,,
1/10/24,1.0971,1.0931,1.0974,1.0922,,
1/9/24,1.0931,1.0952,1.0967,1.091,,
1/8/24,1.0949,1.0946,1.0979,1.0922,,
1/5/24,1.0941,1.0947,1.0999,1.0876,,
1/4/24,1.0943,1.0921,1.0973,1.0915,,
1/3/24,1.0921,1.0943,1.0966,1.0892,,
1/2/24,1.0947,1.1044,1.1046,1.0938,,
1/1/24,1.1044,1.1044,1.1048,1.1036,,
12/29/23,1.1036,1.1061,1.1085,1.1034,,
12/28/23,1.1059,1.1107,1.1141,1.1055,,
12/27/23,1.1103,1.1043,1.1123,1.1028,,
12/26/23,1.1042,1.101,1.1046,1.1008,,
12/25/23,1.1007,1.1017,1.1022,1.0993,,
12/22/23,1.101,1.101,1.1041,1.0993,,
12/21/23,1.1008,1.0941,1.1013,1.0934,,
12/20/23,1.0938,1.098,1.0985,1.0929,,
12/19/23,1.098,1.0924,1.0988,1.0914,,
12/18/23,1.0922,1.0903,1.0932,1.0891,,
12/15/23,1.0894,1.0994,1.1005,1.0889,,
12/14/23,1.0991,1.0874,1.101,1.0872,,
12/13/23,1.0873,1.0793,1.0898,1.0773,,
12/12/23,1.0792,1.0762,1.0829,1.0759,,
12/11/23,1.0761,1.0762,1.078,1.0741,,
12/8/23,1.0761,1.0794,1.0802,1.0723,,
12/7/23,1.0792,1.0769,1.0818,1.0755,,
12/6/23,1.0762,1.0793,1.0805,1.0759,,
12/5/23,1.0795,1.0836,1.0848,1.0777,,
12/4/23,1.0836,1.0887,1.0896,1.0804,,
12/1/23,1.0881,1.0887,1.0913,1.0828,,
11/30/23,1.0886,1.0971,1.0985,1.0878,,
11/29/23,1.0968,1.0992,1.1018,1.096,,
11/28/23,1.099,1.0954,1.101,1.0934,,
11/27/23,1.0953,1.0937,1.096,1.0925,,
11/24/23,1.0939,1.0905,1.0949,1.0895,,
11/23/23,1.0904,1.0888,1.0932,1.0884,,
11/22/23,1.0887,1.0911,1.0924,1.0852,,
11/21/23,1.0909,1.094,1.0965,1.0899,,
11/20/23,1.0938,1.0913,1.0953,1.0897,,
11/17/23,1.0907,1.0848,1.0917,1.0825,,
11/16/23,1.085,1.0847,1.0897,1.0829,,
11/15/23,1.0846,1.0879,1.0886,1.0831,,
11/14/23,1.0879,1.0698,1.0889,1.0692,,
11/13/23,1.0697,1.0684,1.0706,1.0664,,
11/10/23,1.0681,1.0668,1.0694,1.0655,,
11/9/23,1.0666,1.0707,1.0726,1.066,,
11/8/23,1.0707,1.0699,1.0717,1.0659,,
11/7/23,1.0699,1.0717,1.0724,1.0663,,
11/6/23,1.0715,1.0729,1.0757,1.0716,,
11/3/23,1.0729,1.0623,1.0747,1.0615,,
11/2/23,1.062,1.0569,1.0668,1.0566,,
11/1/23,1.0568,1.0574,1.0582,1.0517,,
10/31/23,1.0576,1.0616,1.0675,1.0555,,
10/30/23,1.0613,1.0566,1.0626,1.0546,,
10/27/23,1.0564,1.0558,1.0598,1.0535,,
10/26/23,1.056,1.057,1.0575,1.0522,,
10/25/23,1.0563,1.0591,1.0608,1.0565,,
10/24/23,1.0588,1.0669,1.0695,1.0582,,
10/23/23,1.0668,1.0594,1.0678,1.057,,
10/20/23,1.0593,1.0586,1.0604,1.0564,,
10/19/23,1.0579,1.0535,1.0618,1.0527,,
10/18/23,1.0535,1.0575,1.0595,1.0523,,
10/17/23,1.0575,1.056,1.0596,1.0532,,
10/16/23,1.0558,1.0507,1.0563,1.0507,,
10/13/23,1.0509,1.0527,1.056,1.0495,,
10/12/23,1.0526,1.0622,1.064,1.0525,,
10/11/23,1.0617,1.0605,1.0635,1.058,,
10/10/23,1.0603,1.0567,1.062,1.0554,,
10/9/23,1.0565,1.0563,1.0575,1.0519,,
10/6/23,1.0586,1.055,1.0601,1.0482,,
10/5/23,1.0548,1.0509,1.0553,1.05,,
10/4/23,1.0503,1.047,1.0533,1.0451,,
10/3/23,1.0465,1.0477,1.0495,1.0448,,
10/2/23,1.0476,1.0568,1.0592,1.0476,,
9/29/23,1.057,1.0566,1.0618,1.0558,,
9/28/23,1.0559,1.0503,1.058,1.049,,
9/27/23,1.05,1.0569,1.0575,1.0488,,
9/26/23,1.057,1.0593,1.0611,1.0561,,
9/25/23,1.059,1.0655,1.0656,1.0574,,
9/22/23,1.0652,1.066,1.0673,1.0614,,
9/21/23,1.0658,1.066,1.0675,1.0617,,
9/20/23,1.0659,1.0682,1.0738,1.0649,,
9/19/23,1.0677,1.0687,1.0718,1.0674,,
9/18/23,1.069,1.0663,1.0699,1.0654,,
9/15/23,1.0655,1.0639,1.0689,1.0632,,
9/14/23,1.0641,1.0729,1.0753,1.0631,,
9/13/23,1.0728,1.0754,1.0766,1.0711,,
9/12/23,1.0752,1.0751,1.0769,1.0705,,
9/11/23,1.0748,1.0716,1.076,1.0707,,
9/8/23,1.0699,1.0697,1.0745,1.0694,,
9/7/23,1.0699,1.0726,1.0733,1.0686,,
9/6/23,1.0727,1.0729,1.0749,1.0703,,
9/5/23,1.072,1.0797,1.0799,1.0706,,
9/4/23,1.0794,1.0777,1.081,1.0771,,
9/1/23,1.0773,1.084,1.0883,1.0771,,
8/31/23,1.0841,1.0926,1.0941,1.0834,,
8/30/23,1.0924,1.0879,1.0947,1.0855,,
8/29/23,1.0877,1.0814,1.0892,1.0782,,
8/28/23,1.0817,1.0801,1.0823,1.0793,,
8/25/23,1.08,1.081,1.0842,1.0766,,
8/24/23,1.0809,1.0863,1.0877,1.0805,,
8/23/23,1.0859,1.0848,1.0872,1.0802,,
8/22/23,1.0844,1.0893,1.0932,1.0833,,
8/21/23,1.0891,1.0878,1.0914,1.0869,,
8/18/23,1.0865,1.0872,1.0895,1.0845,,
8/17/23,1.0871,1.0876,1.0919,1.0855,,
8/16/23,1.0874,1.0907,1.0935,1.0871,,
8/15/23,1.0904,1.0906,1.0954,1.0897,,
8/14/23,1.0904,1.0953,1.0961,1.0874,,
8/11/23,1.0944,1.0981,1.1006,1.0942,,
8/10/23,1.0979,1.0975,1.1065,1.0967,,
8/9/23,1.0973,1.0953,1.0996,1.0951,,
8/8/23,1.0954,1.1001,1.1012,1.0928,,
8/7/23,1.1002,1.1018,1.1019,1.0965,,
8/4/23,1.101,1.0946,1.1042,1.0934,,
8/3/23,1.0944,1.0938,1.0963,1.0912,,
8/2/23,1.0936,1.0983,1.102,1.0918,,
8/1/23,1.0982,1.0996,1.1004,1.0951,,
7/31/23,1.0993,1.1023,1.1047,1.0993,,
7/28/23,1.1015,1.0978,1.1048,1.0943,,
7/27/23,1.0973,1.1081,1.115,1.0965,,
7/26/23,1.1083,1.1053,1.1107,1.1037,,
7/25/23,1.1053,1.1065,1.1087,1.102,,
7/24/23,1.1062,1.1127,1.1148,1.1059,,
7/21/23,1.1123,1.1133,1.1145,1.1107,,
7/20/23,1.1128,1.12,1.1229,1.1118,,
7/19/23,1.1198,1.1227,1.1241,1.1174,,
7/18/23,1.1226,1.1237,1.1277,1.1208,,
7/17/23,1.1234,1.1235,1.125,1.1203,,
7/14/23,1.1227,1.1227,1.1245,1.1204,,
7/13/23,1.1224,1.1131,1.1228,1.1128,,
7/12/23,1.1128,1.1008,1.1141,1.1004,,
7/11/23,1.1006,1.1,1.1027,1.0977,,
7/10/23,1.0999,1.0971,1.1003,1.0943,,
7/7/23,1.0967,1.0887,1.0975,1.0867,,
7/6/23,1.0887,1.0858,1.0901,1.0833,,
7/5/23,1.0851,1.0878,1.0908,1.085,,
7/4/23,1.0877,1.0911,1.0918,1.0876,,
7/3/23,1.0911,1.0911,1.0934,1.087,,
6/30/23,1.091,1.0864,1.0933,1.0834,,
6/29/23,1.0864,1.0914,1.0942,1.086,,
6/28/23,1.0911,1.0961,1.0963,1.0897,,
6/27/23,1.0959,1.091,1.0977,1.0902,,
6/26/23,1.0904,1.0897,1.0921,1.0887,,
6/23/23,1.0889,1.0957,1.096,1.0843,,
6/22/23,1.0956,1.0986,1.1012,1.0948,,
6/21/23,1.0984,1.0916,1.0991,1.0905,,
6/20/23,1.0916,1.0921,1.0947,1.0892,,
6/19/23,1.0922,1.0942,1.0947,1.0906,,
6/16/23,1.0933,1.0944,1.0971,1.0918,,
6/15/23,1.0945,1.083,1.0954,1.0803,,
6/14/23,1.0831,1.0792,1.0864,1.0774,,
6/13/23,1.0791,1.0755,1.0825,1.0754,,
6/12/23,1.0757,1.0751,1.0791,1.0733,,
6/9/23,1.0747,1.0782,1.0786,1.0742,,
6/8/23,1.0781,1.0699,1.0788,1.0696,,
6/7/23,1.0697,1.0695,1.074,1.0668,,
6/6/23,1.0691,1.0714,1.0733,1.0667,,
6/5/23,1.0712,1.0712,1.0724,1.0674,,
6/2/23,1.0706,1.0762,1.078,1.0704,,
6/1/23,1.0761,1.069,1.0769,1.0661,,
5/31/23,1.0688,1.0736,1.0737,1.0634,,
5/30/23,1.0733,1.0707,1.0747,1.0672,,
5/29/23,1.0705,1.0726,1.0745,1.0705,,
5/26/23,1.0724,1.0722,1.076,1.0701,,
5/25/23,1.0719,1.075,1.0757,1.0707,,
5/24/23,1.0748,1.0775,1.0802,1.0747,,
5/23/23,1.0768,1.0812,1.0821,1.076,,
5/22/23,1.0811,1.0814,1.0832,1.0795,,
5/19/23,1.0802,1.0771,1.0829,1.076,,
5/18/23,1.0769,1.084,1.0848,1.0762,,
5/17/23,1.0839,1.0862,1.0875,1.081,,
5/16/23,1.0861,1.0874,1.0905,1.0855,,
5/15/23,1.0872,1.0856,1.0891,1.0845,,
5/12/23,1.0848,1.0916,1.0936,1.0848,,
5/11/23,1.0914,1.0981,1.0999,1.0899,,
5/10/23,1.098,1.0961,1.1007,1.0941,,
5/9/23,1.096,1.1006,1.1006,1.0941,,
5/8/23,1.1004,1.1033,1.1055,1.0999,,
5/5/23,1.1017,1.1012,1.1049,1.0967,,
5/4/23,1.1011,1.106,1.1092,1.0985,,
5/3/23,1.1059,1.0999,1.1092,1.0999,,
5/2/23,1.0999,1.0973,1.1009,1.0941,,
5/1/23,1.0975,1.1035,1.1038,1.0963,,
4/28/23,1.102,1.1028,1.1046,1.0962,,
4/27/23,1.1027,1.1042,1.1064,1.0992,,
4/26/23,1.104,1.0972,1.1096,1.0967,,
4/25/23,1.0972,1.1046,1.1068,1.0963,,
4/24/23,1.1041,1.0991,1.1051,1.0965,,
4/21/23,1.0987,1.097,1.0994,1.0938,,
4/20/23,1.0967,1.0956,1.0991,1.0933,,
4/19/23,1.0954,1.0972,1.0984,1.0917,,
4/18/23,1.0971,1.0924,1.0984,1.0921,,
4/17/23,1.0926,1.099,1.1,1.0908,,
4/14/23,1.1,1.1043,1.1077,1.0972,,
4/13/23,1.1044,1.0992,1.1069,1.0977,,
4/12/23,1.0989,1.0913,1.1001,1.0911,,
4/11/23,1.091,1.0863,1.0928,1.0857,,
4/10/23,1.0859,1.0901,1.0918,1.0831,,
4/7/23,1.0897,1.0923,1.0926,1.0876,,
4/6/23,1.092,1.0903,1.0939,1.0884,,
4/5/23,1.0903,1.0953,1.097,1.0891,,
4/4/23,1.0952,1.0901,1.0974,1.0883,,
4/3/23,1.0895,1.0847,1.0918,1.0788,,
3/31/23,1.0839,1.0906,1.0927,1.0836,,
3/30/23,1.0901,1.0844,1.0927,1.0823,,
3/29/23,1.0843,1.0844,1.0872,1.0817,,
3/28/23,1.0843,1.0797,1.0849,1.0795,,
3/27/23,1.0796,1.0767,1.08,1.0745,,
3/24/23,1.0759,1.0829,1.084,1.0713,,
3/23/23,1.083,1.0856,1.0931,1.0824,,
3/22/23,1.0855,1.0768,1.0913,1.0759,,
3/21/23,1.0767,1.0721,1.0789,1.0704,,
3/20/23,1.0719,1.0697,1.0732,1.0631,,
3/17/23,1.0666,1.0609,1.0686,1.0605,,
3/16/23,1.0605,1.0577,1.0637,1.055,,
3/15/23,1.0575,1.0733,1.0761,1.0516,,
3/14/23,1.0732,1.0731,1.075,1.0678,,
3/13/23,1.0729,1.0647,1.0749,1.0647,,
3/10/23,1.0643,1.058,1.0702,1.0573,,
3/9/23,1.058,1.0545,1.0591,1.0538,,
3/8/23,1.0544,1.0549,1.0575,1.0524,,
3/7/23,1.0547,1.0681,1.0695,1.0546,,
3/6/23,1.0678,1.0619,1.0695,1.0615,,
3/3/23,1.0632,1.0598,1.0639,1.0587,,
3/2/23,1.0596,1.0668,1.0674,1.0575,,
3/1/23,1.0665,1.0576,1.0692,1.0565,,
2/28/23,1.0576,1.0605,1.0646,1.0574,,
2/27/23,1.0607,1.0541,1.062,1.0532,,
2/24/23,1.0546,1.0597,1.0616,1.0536,,
2/23/23,1.0595,1.0603,1.0628,1.0576,,
2/22/23,1.0601,1.0648,1.0664,1.0598,,
2/21/23,1.0646,1.0686,1.0698,1.0637,,
2/20/23,1.0682,1.0688,1.0705,1.067,,
2/17/23,1.0694,1.0674,1.0699,1.0612,,
2/16/23,1.0668,1.069,1.0723,1.0654,,
2/15/23,1.0689,1.0738,1.0746,1.066,,
2/14/23,1.0735,1.0723,1.0805,1.0706,,
2/13/23,1.072,1.0679,1.0731,1.0655,,
2/10/23,1.0675,1.0738,1.0754,1.0666,,
2/9/23,1.0736,1.0711,1.0793,1.0709,,
2/8/23,1.0709,1.0726,1.0761,1.0709,,
2/7/23,1.0723,1.0727,1.0768,1.0667,,
2/6/23,1.073,1.079,1.0799,1.0709,,
2/3/23,1.0793,1.0909,1.0941,1.0791,,
2/2/23,1.091,1.099,1.1034,1.0885,,
2/1/23,1.0989,1.0864,1.1001,1.0852,,
1/31/23,1.0862,1.085,1.0876,1.0802,,
1/30/23,1.0844,1.0875,1.0914,1.0839,,
1/27/23,1.0867,1.0892,1.0901,1.0836,,
1/26/23,1.0889,1.0917,1.093,1.0849,,
1/25/23,1.0915,1.0881,1.0925,1.0856,,
1/24/23,1.0885,1.0872,1.0898,1.0834,,
1/23/23,1.0868,1.086,1.0927,1.0846,,
1/20/23,1.0855,1.0833,1.086,1.0802,,
1/19/23,1.0827,1.079,1.0841,1.0782,,
1/18/23,1.0792,1.079,1.0889,1.0766,,
1/17/23,1.0788,1.0822,1.087,1.0775,,
1/16/23,1.0816,1.0834,1.0875,1.0801,,
1/13/23,1.0828,1.0854,1.0869,1.078,,
1/12/23,1.0846,1.0757,1.0868,1.073,,
1/11/23,1.0755,1.0736,1.0777,1.0725,,
1/10/23,1.0734,1.0725,1.076,1.0711,,
1/9/23,1.0728,1.0637,1.0761,1.0636,,
1/6/23,1.0644,1.0522,1.0648,1.0483,,
1/5/23,1.052,1.0604,1.0632,1.0515,,
1/4/23,1.0599,1.0552,1.0636,1.054,,
1/3/23,1.0546,1.0663,1.0684,1.0519,,
1/2/23,1.0662,1.0702,1.0708,1.065,,
12/30/22,1.0702,1.0663,1.0714,1.0639,,
12/29/22,1.0661,1.0609,1.0691,1.0609,,
12/28/22,1.0608,1.0642,1.0675,1.0606,,
12/27/22,1.0638,1.0638,1.067,1.0611,,
12/26/22,1.0635,1.0611,1.0638,1.0604,,
12/23/22,1.0614,1.0595,1.0633,1.0586,,
12/22/22,1.0593,1.0607,1.066,1.0573,,
12/21/22,1.0603,1.0625,1.0647,1.0589,,
12/20/22,1.0621,1.0606,1.066,1.0579,,
12/19/22,1.0605,1.0591,1.0659,1.0575,,
12/16/22,1.0582,1.0626,1.0663,1.0584,,
12/15/22,1.0626,1.0683,1.0737,1.0592,,
12/14/22,1.0682,1.0633,1.0696,1.0618,,
12/13/22,1.063,1.0534,1.0674,1.0527,,
12/12/22,1.0535,1.0528,1.0581,1.0506,,
12/9/22,1.053,1.0559,1.0589,1.0507,,
12/8/22,1.0556,1.0508,1.0566,1.0489,,
12/7/22,1.0505,1.0469,1.0551,1.0443,,
12/6/22,1.0469,1.0489,1.0533,1.0459,,
12/5/22,1.0491,1.0517,1.0596,1.048,,
12/2/22,1.0538,1.0524,1.0546,1.0428,,
12/1/22,1.0522,1.0407,1.0534,1.0393,,
11/30/22,1.0405,1.0329,1.043,1.0289,,
11/29/22,1.0327,1.034,1.0395,1.0319,,
11/28/22,1.0337,1.0382,1.0497,1.033,,
11/25/22,1.0395,1.0409,1.043,1.0354,,
11/24/22,1.0408,1.0398,1.045,1.0381,,
11/23/22,1.0395,1.0304,1.0405,1.0296,,
11/22/22,1.0302,1.0243,1.0309,1.0239,,
11/21/22,1.0241,1.0318,1.0334,1.0223,,
11/18/22,1.0324,1.0362,1.0396,1.0313,,
11/17/22,1.036,1.0395,1.0408,1.0304,,
11/16/22,1.0392,1.0349,1.0439,1.033,,
11/15/22,1.0348,1.0325,1.0481,1.028,,
11/14/22,1.0325,1.0366,1.0368,1.0271,,
11/11/22,1.0352,1.0209,1.0365,1.0163,,
11/10/22,1.0208,1.0008,1.0223,0.9935,,
11/9/22,1.0011,1.0074,1.0089,0.9992,,
11/8/22,1.0072,1.0022,1.0097,0.9972,,
11/7/22,1.0019,0.9911,1.0035,0.9899,,
11/4/22,0.996,0.975,0.9967,0.9742,,
11/3/22,0.9751,0.9819,0.984,0.9729,,
11/2/22,0.9817,0.9875,0.9977,0.9812,,
11/1/22,0.9874,0.9882,0.9955,0.9852,,
10/31/22,0.9883,0.9947,0.9966,0.9872,,
10/28/22,0.9963,0.9965,0.9998,0.9926,,
10/27/22,0.9962,1.0079,1.0094,0.9957,,
10/26/22,1.0077,0.9966,1.0089,0.9943,,
10/25/22,0.9964,0.9874,0.9977,0.9848,,
10/24/22,0.9874,0.9867,0.99,0.9807,,
10/21/22,0.986,0.9786,0.9869,0.9704,,
10/20/22,0.9783,0.9773,0.9846,0.9754,,
10/19/22,0.9771,0.9858,0.9873,0.9757,,
10/18/22,0.9852,0.9838,0.9876,0.9812,,
10/17/22,0.9838,0.9726,0.9853,0.9719,,
10/14/22,0.9719,0.9778,0.9809,0.9707,,
10/13/22,0.9773,0.9702,0.9807,0.9632,,
10/12/22,0.9704,0.9708,0.9735,0.9668,,
10/11/22,0.9703,0.97,0.9776,0.9672,,
10/10/22,0.97,0.9736,0.9754,0.9682,,
10/7/22,0.9741,0.979,0.9818,0.9725,,
10/6/22,0.9788,0.9879,0.9927,0.9787,,
10/5/22,0.9882,0.9986,0.9995,0.9834,,
10/4/22,0.9983,0.9826,1,0.9805,,
10/3/22,0.9824,0.98,0.9845,0.9753,,
9/30/22,0.9799,0.9816,0.9855,0.9735,,
9/29/22,0.9814,0.9735,0.9816,0.9635,,
9/28/22,0.9734,0.9594,0.9751,0.9535,,
9/27/22,0.9592,0.961,0.9671,0.9568,,
9/26/22,0.9606,0.9679,0.9711,0.9567,,
9/23/22,0.969,0.9837,0.9852,0.9668,,
9/22/22,0.9836,0.9837,0.9908,0.9808,,
9/21/22,0.9837,0.9972,0.9978,0.9813,,
9/20/22,0.997,1.0023,1.0051,0.9955,,
9/19/22,1.0022,1.0012,1.003,0.9966,,
9/16/22,1.0015,1.0001,1.0037,0.9944,,
9/15/22,0.9999,0.998,1.0019,0.9955,,
9/14/22,0.9977,0.9969,1.0024,0.9955,,
9/13/22,0.997,1.0123,1.0188,0.9966,,
9/12/22,1.0119,1.008,1.0199,1.0059,,
9/9/22,1.0039,0.9995,1.0114,0.9995,,
9/8/22,0.9994,1.0002,1.003,0.993,,
9/7/22,0.9999,0.9904,1.0012,0.9875,,
9/6/22,0.9902,0.9927,0.9987,0.9863,,
9/5/22,0.9926,0.995,0.995,0.9877,,
9/2/22,0.9951,0.9945,1.0035,0.9942,,
9/1/22,0.9944,1.0055,1.0057,0.9911,,
8/31/22,1.0057,1.0014,1.0079,0.9971,,
8/30/22,1.0012,0.9996,1.0056,0.9981,,
8/29/22,0.9995,0.9977,1.0029,0.9913,,
8/26/22,0.9961,0.9974,1.0091,0.9947,,
8/25/22,0.9974,0.9967,1.0035,0.9948,,
8/24/22,0.9965,0.997,1,0.9909,,
8/23/22,0.9967,0.9944,1.0019,0.99,,
8/22/22,0.9941,1.0041,1.0048,0.9926,,
8/19/22,1.0034,1.0089,1.0096,1.0031,,
8/18/22,1.0088,1.018,1.0194,1.0079,,
8/17/22,1.018,1.017,1.0203,1.0145,,
8/16/22,1.017,1.0162,1.0195,1.0122,,
8/15/22,1.016,1.0263,1.027,1.0155,,
8/12/22,1.0258,1.0316,1.0329,1.0237,,
8/11/22,1.0317,1.0299,1.0366,1.0275,,
8/10/22,1.0297,1.0214,1.0369,1.0201,,
8/9/22,1.0211,1.0198,1.0248,1.0188,,
8/8/22,1.0195,1.0179,1.0223,1.0158,,
8/5/22,1.0181,1.0247,1.0253,1.0141,,
8/4/22,1.0243,1.0162,1.0254,1.0154,,
8/3/22,1.0164,1.0166,1.021,1.0122,,
8/2/22,1.0164,1.0261,1.0295,1.0163,,
8/1/22,1.0261,1.0218,1.0276,1.0205,,
7/29/22,1.0218,1.0196,1.0255,1.0145,,
7/28/22,1.0196,1.0198,1.0236,1.0114,,
7/27/22,1.0202,1.0116,1.0222,1.0096,,
7/26/22,1.0114,1.022,1.0251,1.0107,,
7/25/22,1.022,1.0212,1.0259,1.0179,,
7/22/22,1.021,1.023,1.0256,1.0129,,
7/21/22,1.0228,1.0178,1.0279,1.0153,,
7/20/22,1.0177,1.0228,1.0274,1.0155,,
7/19/22,1.0224,1.0143,1.027,1.012,,
7/18/22,1.0141,1.0085,1.0202,1.0078,,
7/15/22,1.0087,1.0018,1.0099,1.0007,,
7/14/22,1.0016,1.0061,1.0065,0.9952,,
7/13/22,1.006,1.004,1.0123,0.9998,,
7/12/22,1.0036,1.004,1.0074,0.9999,,
7/11/22,1.0039,1.0173,1.0185,1.0034,,
7/8/22,1.0183,1.0159,1.0193,1.0072,,
7/7/22,1.0159,1.0181,1.0222,1.0144,,
7/6/22,1.0181,1.0268,1.0277,1.0161,,
7/5/22,1.0266,1.0419,1.045,1.0235,,
7/4/22,1.0421,1.0424,1.0464,1.0417,,
7/1/22,1.0428,1.0481,1.0487,1.0366,,
6/30/22,1.0482,1.0441,1.0489,1.0382,,
6/29/22,1.0439,1.0518,1.0537,1.0434,,
6/28/22,1.0518,1.0585,1.0607,1.0503,,
6/27/22,1.0583,1.0555,1.0616,1.0549,,
6/24/22,1.0554,1.0526,1.0572,1.0511,,
6/23/22,1.0523,1.0567,1.0582,1.0482,,
6/22/22,1.0565,1.0527,1.0606,1.0468,,
6/21/22,1.0525,1.051,1.0583,1.0508,,
6/20/22,1.0509,1.0472,1.0546,1.0472,,
6/17/22,1.0498,1.0548,1.056,1.0445,,
6/16/22,1.0547,1.0442,1.0602,1.0381,,
6/15/22,1.0443,1.0417,1.0509,1.0359,,
6/14/22,1.0414,1.0411,1.0486,1.0396,,
6/13/22,1.0408,1.0513,1.052,1.04,,
6/10/22,1.0515,1.0617,1.0644,1.0505,,
6/9/22,1.0614,1.0717,1.0775,1.0611,,
6/8/22,1.0714,1.07,1.0749,1.0671,,
6/7/22,1.0699,1.0695,1.0715,1.0652,,
6/6/22,1.0694,1.0722,1.0753,1.0683,,
6/3/22,1.0718,1.0747,1.0765,1.0704,,
6/2/22,1.0745,1.0649,1.0751,1.0645,,
6/1/22,1.0646,1.0734,1.0739,1.0626,,
5/31/22,1.0733,1.0778,1.078,1.0678,,
5/30/22,1.0777,1.0737,1.0788,1.0726,,
5/27/22,1.0727,1.0726,1.0766,1.0697,,
5/26/22,1.0724,1.0684,1.0733,1.0662,,
5/25/22,1.068,1.0735,1.074,1.0642,,
5/24/22,1.0734,1.069,1.0749,1.0661,,
5/23/22,1.0689,1.0572,1.0698,1.0558,,
5/20/22,1.056,1.0586,1.0599,1.0532,,
5/19/22,1.0586,1.047,1.0608,1.046,,
5/18/22,1.0466,1.0549,1.0565,1.046,,
5/17/22,1.0547,1.0434,1.0556,1.0429,,
5/16/22,1.0431,1.0405,1.0444,1.0388,,
5/13/22,1.0411,1.0379,1.0421,1.035,,
5/12/22,1.0379,1.0512,1.053,1.0353,,
5/11/22,1.0511,1.0529,1.0577,1.0502,,
5/10/22,1.0527,1.0557,1.0586,1.0525,,
5/9/22,1.0555,1.0552,1.0594,1.0495,,
5/6/22,1.0551,1.0544,1.0601,1.0482,,
5/5/22,1.054,1.0623,1.0642,1.0493,,
5/4/22,1.0621,1.0516,1.0632,1.0505,,
5/3/22,1.052,1.0502,1.0579,1.0491,,
5/2/22,1.0504,1.055,1.0569,1.049,,
4/29/22,1.0541,1.0498,1.0593,1.0491,,
4/28/22,1.0494,1.0557,1.0566,1.0471,,
4/27/22,1.0555,1.0638,1.0655,1.0513,,
4/26/22,1.0636,1.0713,1.074,1.0635,,
4/25/22,1.0711,1.0841,1.0842,1.0697,,
4/22/22,1.0794,1.0838,1.0853,1.077,,
4/21/22,1.0836,1.0853,1.0937,1.0824,,
4/20/22,1.085,1.0788,1.0868,1.0783,,
4/19/22,1.0786,1.0783,1.0815,1.0761,,
4/18/22,1.078,1.0805,1.0822,1.0769,,
4/15/22,1.0806,1.0828,1.0832,1.0796,,
4/14/22,1.0827,1.0887,1.0925,1.0757,,
4/13/22,1.0885,1.083,1.0896,1.0809,,
4/12/22,1.0826,1.0882,1.0905,1.0821,,
4/11/22,1.0883,1.0935,1.0951,1.0872,,
4/8/22,1.0876,1.0879,1.0892,1.0836,,
4/7/22,1.0878,1.0893,1.0939,1.0864,,
4/6/22,1.0893,1.0906,1.0939,1.0874,,
4/5/22,1.0903,1.0973,1.099,1.0899,,
4/4/22,1.097,1.1039,1.1056,1.096,,
4/1/22,1.1053,1.1065,1.1077,1.1027,,
3/31/22,1.1065,1.1158,1.1185,1.1061,,
3/30/22,1.1156,1.1087,1.1171,1.1083,,
3/29/22,1.1085,1.098,1.1137,1.097,,
3/28/22,1.0978,1.0989,1.1,1.0944,,
3/25/22,1.0981,1.0994,1.1039,1.0979,,
3/24/22,1.0996,1.1004,1.1014,1.0965,,
3/23/22,1.1004,1.1027,1.1044,1.0963,,
3/22/22,1.1027,1.1018,1.1047,1.096,,
3/21/22,1.1014,1.1059,1.107,1.101,,
3/18/22,1.1055,1.1091,1.112,1.1003,,
3/17/22,1.1089,1.1036,1.1138,1.1008,,
3/16/22,1.1032,1.0956,1.1048,1.0948,,
3/15/22,1.0951,1.094,1.102,1.0926,,
3/14/22,1.0939,1.0943,1.0994,1.09,,
3/11/22,1.0909,1.0984,1.1044,1.0901,,
3/10/22,1.0983,1.1075,1.1121,1.0976,,
3/9/22,1.1075,1.0903,1.1096,1.089,,
3/8/22,1.0899,1.0855,1.096,1.0848,,
3/7/22,1.0852,1.0953,1.0953,1.0805,,
3/4/22,1.0926,1.1068,1.1069,1.0886,,
3/3/22,1.1064,1.1118,1.1125,1.1033,,
3/2/22,1.1121,1.1127,1.1147,1.1057,,
3/1/22,1.1126,1.1218,1.1234,1.109,,
2/28/22,1.1219,1.1179,1.1247,1.1122,,
2/25/22,1.1267,1.1192,1.1275,1.1165,,
2/24/22,1.1191,1.1313,1.1314,1.1106,,
2/23/22,1.1309,1.1327,1.1359,1.13,,
2/22/22,1.1325,1.1312,1.1367,1.1287,,
2/21/22,1.131,1.1315,1.1391,1.1306,,
2/18/22,1.1321,1.1362,1.1378,1.1314,,
2/17/22,1.136,1.1374,1.1386,1.1322,,
2/16/22,1.1373,1.136,1.1396,1.1344,,
2/15/22,1.1356,1.1307,1.1369,1.1301,,
2/14/22,1.1305,1.1344,1.137,1.1279,,
2/11/22,1.1349,1.1428,1.1431,1.1329,,
2/10/22,1.1427,1.1429,1.1496,1.1374,,
2/9/22,1.1422,1.1416,1.1449,1.1402,,
2/8/22,1.1414,1.1443,1.145,1.1395,,
2/7/22,1.1442,1.1468,1.1469,1.1415,,
2/4/22,1.1446,1.1439,1.1485,1.1411,,
2/3/22,1.1438,1.1306,1.1452,1.1267,,
2/2/22,1.1303,1.127,1.1331,1.1266,,
2/1/22,1.1269,1.1234,1.1279,1.1221,,
1/31/22,1.1233,1.1147,1.1249,1.1138,,
1/28/22,1.1143,1.1146,1.1174,1.1121,,
1/27/22,1.1143,1.124,1.1244,1.1132,,
1/26/22,1.1237,1.1301,1.1312,1.1235,,
1/25/22,1.1299,1.1324,1.133,1.1263,,
1/24/22,1.1323,1.1343,1.1346,1.129,,
1/21/22,1.134,1.1312,1.136,1.13,,
1/20/22,1.131,1.1342,1.137,1.1302,,
1/19/22,1.1341,1.1321,1.1358,1.1318,,
1/18/22,1.1325,1.1408,1.1422,1.1314,,
1/17/22,1.1407,1.1414,1.1436,1.1392,,
1/14/22,1.1414,1.1454,1.1484,1.1398,,
1/13/22,1.1453,1.1443,1.1482,1.1435,,
1/12/22,1.1442,1.1366,1.1453,1.1354,,
1/11/22,1.1364,1.1325,1.1375,1.1313,,
1/10/22,1.1324,1.1353,1.1362,1.1285,,
1/7/22,1.1359,1.1293,1.1365,1.1289,,
1/6/22,1.1291,1.1314,1.1332,1.1285,,
1/5/22,1.1313,1.1287,1.1347,1.1277,,
1/4/22,1.1285,1.1298,1.1323,1.1272,,
1/3/22,1.1294,1.1365,1.1381,1.1279,,
12/31/21,1.1368,1.1324,1.1387,1.1302,,
12/30/21,1.1323,1.1349,1.136,1.1298,,
12/29/21,1.1348,1.131,1.137,1.1273,,
12/28/21,1.1309,1.1329,1.1335,1.1289,,
12/27/21,1.1325,1.1318,1.1335,1.1302,,
12/24/21,1.1317,1.133,1.1344,1.1303,,
12/23/21,1.1328,1.1325,1.1343,1.1289,,
12/22/21,1.1324,1.1279,1.1343,1.1264,,
12/21/21,1.1283,1.1277,1.1303,1.126,,
12/20/21,1.1275,1.1242,1.1305,1.1234,,
12/17/21,1.1239,1.133,1.135,1.1235,,
12/16/21,1.1328,1.1286,1.1361,1.128,,
12/15/21,1.1285,1.1259,1.13,1.1221,,
12/14/21,1.1257,1.1285,1.1327,1.1253,,
12/13/21,1.1283,1.1316,1.1321,1.1259,,
12/10/21,1.1311,1.1293,1.1325,1.1264,,
12/9/21,1.1292,1.1342,1.1348,1.1278,,
12/8/21,1.1342,1.1267,1.1356,1.1264,,
12/7/21,1.1263,1.1287,1.1301,1.1228,,
12/6/21,1.1285,1.1321,1.1321,1.1266,,
12/3/21,1.1313,1.1301,1.1334,1.1265,,
12/2/21,1.1299,1.132,1.1349,1.1294,,
12/1/21,1.1319,1.1339,1.136,1.1302,,
11/30/21,1.1336,1.1291,1.1384,1.1236,,
11/29/21,1.1291,1.1309,1.1316,1.1258,,
11/26/21,1.1317,1.1209,1.1331,1.1205,,
11/25/21,1.1206,1.1198,1.1231,1.1198,,
11/24/21,1.1197,1.1248,1.1256,1.1185,,
11/23/21,1.1246,1.1237,1.1276,1.1226,,
11/22/21,1.1234,1.1292,1.1293,1.123,,
11/19/21,1.1288,1.1371,1.1374,1.125,,
11/18/21,1.1369,1.1319,1.1375,1.1314,,
11/17/21,1.1319,1.1321,1.1333,1.1264,,
11/16/21,1.1319,1.1368,1.1386,1.1309,,
11/15/21,1.1367,1.1452,1.1465,1.1356,,
11/12/21,1.145,1.1454,1.1463,1.1432,,
11/11/21,1.145,1.1482,1.1488,1.1443,,
11/10/21,1.1478,1.1593,1.1596,1.1475,,
11/9/21,1.1591,1.1588,1.1609,1.1569,,
11/8/21,1.1586,1.1555,1.1595,1.155,,
11/5/21,1.1566,1.1553,1.1574,1.1513,,
11/4/21,1.1552,1.1611,1.1617,1.1528,,
11/3/21,1.161,1.1579,1.1617,1.1561,,
11/2/21,1.1577,1.1605,1.1615,1.1574,,
11/1/21,1.1606,1.1559,1.161,1.1545,,
10/29/21,1.1561,1.168,1.169,1.1535,,
10/28/21,1.1679,1.1605,1.1693,1.1581,,
10/27/21,1.1604,1.1597,1.1626,1.1585,,
10/26/21,1.1595,1.1607,1.1626,1.1585,,
10/25/21,1.1606,1.1644,1.1666,1.159,,
10/22/21,1.1647,1.1623,1.1656,1.1621,,
10/21/21,1.1621,1.165,1.1668,1.1619,,
10/20/21,1.1649,1.1634,1.1659,1.1616,,
10/19/21,1.1632,1.1611,1.167,1.1608,,
10/18/21,1.1609,1.1597,1.1624,1.1571,,
10/15/21,1.16,1.1599,1.1621,1.1588,,
10/14/21,1.1594,1.1593,1.1625,1.1583,,
10/13/21,1.1592,1.1528,1.1598,1.1527,,
10/12/21,1.1527,1.1555,1.1571,1.1524,,
10/11/21,1.1551,1.1571,1.1588,1.1549,,
10/8/21,1.1567,1.1551,1.1586,1.154,,
10/7/21,1.155,1.1556,1.1573,1.1547,,
10/6/21,1.1556,1.1603,1.1605,1.1529,,
10/5/21,1.1596,1.1623,1.1623,1.158,,
10/4/21,1.1621,1.1593,1.1641,1.1587,,
10/1/21,1.1594,1.1582,1.1608,1.1563,,
9/30/21,1.1581,1.1596,1.1611,1.1562,,
9/29/21,1.1595,1.1683,1.1691,1.1589,,
9/28/21,1.1681,1.1696,1.1704,1.1667,,
9/27/21,1.1694,1.1724,1.1728,1.1684,,
9/24/21,1.1714,1.1738,1.1748,1.17,,
9/23/21,1.1736,1.1686,1.1751,1.1683,,
9/22/21,1.1686,1.1726,1.1757,1.1683,,
9/21/21,1.1723,1.1726,1.1751,1.1715,,
9/20/21,1.1725,1.1732,1.1737,1.17,,
9/17/21,1.1725,1.1762,1.1789,1.1724,,
9/16/21,1.1764,1.1816,1.1822,1.1751,,
9/15/21,1.1815,1.1806,1.1833,1.1798,,
9/14/21,1.1802,1.1812,1.1846,1.1799,,
9/13/21,1.1808,1.1813,1.1818,1.1769,,
9/10/21,1.1814,1.1826,1.1852,1.1809,,